id;arq_avaliacao;arq_name;arq_type;data_criacao;data_exclusao;data_modificacao;descricao;observacao;usuario_id
21;21;file21.pdf;application/pdf;2023-09-23T13:00:00;;2023-09-23T16:30:00;Descrição 21;Observação 21;29
22;22;file22.doc;application/msword;2023-09-23T13:15:00;;2023-09-23T16:45:00;Descrição 22;Observação 22;15
23;23;file23.jpg;image/jpeg;2023-09-23T13:30:00;;2023-09-23T17:00:00;Descrição 23;Observação 23;25
24;24;file24.pdf;application/pdf;2023-09-23T13:45:00;;2023-09-23T17:15:00;Descrição 24;Observação 24;44
25;25;file25.doc;application/msword;2023-09-23T14:00:00;;2023-09-23T17:30:00;Descrição 25;Observação 25;41
26;26;file26.jpg;image/jpeg;2023-09-23T14:15:00;;2023-09-23T17:45:00;Descrição 26;Observação 26;5
27;27;file27.pdf;application/pdf;2023-09-23T14:30:00;;2023-09-23T18:00:00;Descrição 27;Observação 27;70
28;28;file28.doc;application/msword;2023-09-23T14:45:00;;2023-09-23T18:15:00;Descrição 28;Observação 28;16
29;29;file29.jpg;image/jpeg;2023-09-23T15:00:00;;2023-09-23T18:30:00;Descrição 29;Observação 29;40
30;30;file30.pdf;application/pdf;2023-09-23T15:15:00;;2023-09-23T18:45:00;Descrição 30;Observação 30;62
31;31;file31.doc;application/msword;2023-09-23T15:30:00;;2023-09-23T19:00:00;Descrição 31;Observação 31;13
32;32;file32.jpg;image/jpeg;2023-09-23T15:45:00;;2023-09-23T19:15:00;Descrição 32;Observação 32;49
33;33;file33.pdf;application/pdf;2023-09-23T16:00:00;;2023-09-23T19:30:00;Descrição 33;Observação 33;2
34;34;file34.doc;application/msword;2023-09-23T16:15:00;;2023-09-23T19:45:00;Descrição 34;Observação 34;59
35;35;file35.jpg;image/jpeg;2023-09-23T16:30:00;;2023-09-23T20:00:00;Descrição 35;Observação 35;26
36;36;file36.pdf;application/pdf;2023-09-23T16:45:00;;2023-09-23T20:15:00;Descrição 36;Observação 36;34
37;37;file37.doc;application/msword;2023-09-23T17:00:00;;2023-09-23T20:30:00;Descrição 37;Observação 37;30
38;38;file38.jpg;image/jpeg;2023-09-23T17:15:00;;2023-09-23T20:45:00;Descrição 38;Observação 38;45
39;39;file39.pdf;application/pdf;2023-09-23T17:30:00;;2023-09-23T21:00:00;Descrição 39;Observação 39;67
40;40;file40.doc;application/msword;2023-09-23T17:45:00;;2023-09-23T21:15:00;Descrição 40;Observação 40;28
41;41;file41.jpg;image/jpeg;2023-09-23T18:00:00;;2023-09-23T21:30:00;Descrição 41;Observação 41;7
42;42;file42.pdf;application/pdf;2023-09-23T18:15:00;;2023-09-23T21:45:00;Descrição 42;Observação 42;37
43;43;file43.doc;application/msword;2023-09-23T18:30:00;;2023-09-23T22:00:00;Descrição 43;Observação 43;51
44;44;file44.jpg;image/jpeg;2023-09-23T18:45:00;;2023-09-23T22:15:00;Descrição 44;Observação 44;46
45;45;file45.pdf;application/pdf;2023-09-23T19:00:00;;2023-09-23T22:30:00;Descrição 45;Observação 45;64
46;46;file46.doc;application/msword;2023-09-23T19:15:00;;2023-09-23T22:45:00;Descrição 46;Observação 46;4
47;47;file47.jpg;image/jpeg;2023-09-23T19:30:00;;2023-09-23T23:00:00;Descrição 47;Observação 47;33
48;48;file48.pdf;application/pdf;2023-09-23T19:45:00;;2023-09-23T23:15:00;Descrição 48;Observação 48;48
49;49;file49.doc;application/msword;2023-09-23T20:00:00;;2023-09-23T23:30:00;Descrição 49;Observação 49;11
50;50;file50.jpg;image/jpeg;2023-09-23T20:15:00;;2023-09-23T23:45:00;Descrição 50;Observação 50;27
